企业ID,信用等级
7218,异常
8292,异常
4608,正常
5115,正常
1860,正常
9584,异常
9829,异常
9864,异常
9992,异常
5909,正常
3015,正常
5081,正常
8398,异常
9032,异常
4825,正常
4558,正常
7465,异常
7870,异常
2316,正常
4896,正常
7216,异常
8092,异常
2198,正常
7193,异常
1807,正常
6332,正常
6608,正常
483,正常
2491,正常
1334,正常
4218,正常
4054,正常
4126,正常
5370,正常
9853,异常
7699,异常
5461,正常
93,正常
8546,异常
8764,异常
2678,正常
3338,正常
1199,正常
1039,正常
8581,异常
6631,正常
4757,正常
1435,正常
8282,异常
6084,正常
4787,正常
9753,异常
9906,异常
4407,正常
6312,正常
9434,异常
5369,正常
5626,正常
2457,正常
2300,正常
5400,正常
6141,正常
2766,正常
7851,异常
5658,正常
9614,异常
9583,异常
1649,正常
5210,正常
3051,正常
4335,正常
336,正常
9472,异常
9014,异常
8994,异常
7447,异常
9218,异常
9811,异常
1981,正常
9292,异常
794,正常
1146,正常
7105,异常
938,正常
3387,正常
3446,正常
5351,正常
3549,正常
8610,异常
4942,正常
3738,正常
7381,异常
1277,正常
4295,正常
6152,正常
6381,正常
5402,正常
5088,正常
837,正常
3548,正常
966,正常
6577,正常
4070,正常
6722,正常
3422,正常
7964,异常
2376,正常
4328,正常
8163,异常
5387,正常
6509,正常
6592,正常
2988,正常
2946,正常
5430,正常
294,正常
8218,异常
8575,异常
6065,正常
4636,正常
5078,正常
8133,异常
7639,异常
9373,异常
4460,正常
2207,正常
6928,正常
705,正常
6989,正常
3150,正常
2223,正常
9111,异常
3405,正常
2439,正常
9586,异常
5030,正常
9190,异常
7975,异常
7830,异常
8045,异常
4072,正常
8799,异常
8012,异常
4950,正常
7452,异常
4670,正常
6581,正常
4093,正常
712,正常
5465,正常
7599,异常
2451,正常
5831,正常
526,正常
9514,异常
174,正常
2436,正常
2679,正常
151,正常
3862,正常
8848,异常
4914,正常
8636,异常
2288,正常
1478,正常
1863,正常
9359,异常
2600,正常
6526,正常
8780,异常
1384,正常
1853,正常
5375,正常
6584,正常
3413,正常
109,正常
258,正常
2066,正常
9362,异常
1915,正常
7118,异常
2405,正常
7800,异常
4609,正常
5847,正常
4799,正常
656,正常
3070,正常
7162,异常
37,正常
2204,正常
3140,正常
6142,正常
1283,正常
9980,异常
6378,正常
1627,正常
9163,异常
9616,异常
1872,正常
6616,正常
4151,正常
3394,正常
2900,正常
6289,正常
625,正常
2445,正常
4081,正常
7849,异常
8143,异常
4416,正常
8646,异常
2298,正常
1844,正常
9513,异常
9058,异常
6521,正常
3362,正常
4584,正常
4380,正常
5511,正常
3286,正常
8476,异常
4563,正常
7246,异常
6195,正常
400,正常
3216,正常
8566,异常
5557,正常
377,正常
264,正常
4841,正常
124,正常
4079,正常
2478,正常
9460,异常
2269,正常
160,正常
8364,异常
1614,正常
1704,正常
9055,异常
6051,正常
335,正常
6606,正常
7065,异常
8846,异常
1330,正常
5975,正常
1247,正常
9239,异常
7577,异常
9977,异常
6105,正常
2948,正常
6909,正常
3445,正常
5480,正常
2500,正常
7291,异常
3558,正常
2740,正常
8453,异常
9773,异常
2347,正常
6977,正常
1691,正常
1711,正常
7738,异常
1542,正常
346,正常
6255,正常
8708,异常
587,正常
1477,正常
7086,异常
5227,正常
8186,异常
7443,异常
4647,正常
9002,异常
7658,异常
6016,正常
1325,正常
1458,正常
8855,异常
3458,正常
6323,正常
8983,异常
2251,正常
9053,异常
9398,异常
5816,正常
6599,正常
1573,正常
1779,正常
6439,正常
8085,异常
6252,正常
9221,异常
2304,正常
300,正常
8386,异常
9124,异常
3822,正常
3428,正常
903,正常
6801,正常
4718,正常
4911,正常
2409,正常
2163,正常
6957,正常
4099,正常
9902,异常
3624,正常
3364,正常
1886,正常
3766,正常
7601,异常
4809,正常
6779,正常
5384,正常
5572,正常
9387,异常
1451,正常
8006,异常
9995,异常
7238,异常
731,正常
4057,正常
7600,异常
719,正常
7834,异常
7811,异常
5533,正常
6000,正常
6721,正常
4764,正常
8515,异常
9146,异常
1486,正常
399,正常
4931,正常
3814,正常
2433,正常
1827,正常
4988,正常
8124,异常
9470,异常
7412,异常
4399,正常
5112,正常
1166,正常
7748,异常
8204,异常
5945,正常
6137,正常
7368,异常
5720,正常
8290,异常
7264,异常
3670,正常
8891,异常
2091,正常
6305,正常
5143,正常
5193,正常
9826,异常
7448,异常
3649,正常
5198,正常
4048,正常
1363,正常
5783,正常
6166,正常
52,正常
3520,正常
9690,异常
3233,正常
4321,正常
3425,正常
917,正常
4961,正常
1857,正常
9552,异常
6913,正常
865,正常
3166,正常
7137,异常
8674,异常
4276,正常
9535,异常
5957,正常
279,正常
8034,异常
5750,正常
8479,异常
4000,正常
2534,正常
4916,正常
8057,异常
9390,异常
2186,正常
7406,异常
2747,正常
6287,正常
5295,正常
2030,正常
9550,异常
2077,正常
4129,正常
9691,异常
2696,正常
8950,异常
2361,正常
6460,正常
2574,正常
6896,正常
1662,正常
6776,正常
1655,正常
6869,正常
5920,正常
6472,正常
3889,正常
6497,正常
6284,正常
9855,异常
7387,异常
7464,异常
9101,异常
5559,正常
4726,正常
5309,正常
6655,正常
6848,正常
5759,正常
1007,正常
2878,正常
9202,异常
3988,正常
2073,正常
6085,正常
8276,异常
5634,正常
6418,正常
9149,异常
1129,正常
2150,正常
9625,异常
2881,正常
3494,正常
4788,正常
5020,正常
410,正常
1716,正常
3401,正常
972,正常
7525,异常
4544,正常
3132,正常
7166,异常
1805,正常
7222,异常
6657,正常
3059,正常
1455,正常
4828,正常
1616,正常
4774,正常
6736,正常
5239,正常
428,正常
1880,正常
8413,异常
7275,异常
8415,异常
4654,正常
4251,正常
4743,正常
3429,正常
2938,正常
933,正常
5587,正常
175,正常
593,正常
5663,正常
4630,正常
1088,正常
3696,正常
1301,正常
607,正常
1296,正常
3883,正常
9972,异常
2511,正常
3722,正常
7130,异常
4728,正常
1593,正常
4578,正常
5977,正常
2886,正常
569,正常
5541,正常
7735,异常
9418,异常
4192,正常
7366,异常
2664,正常
4400,正常
7956,异常
1677,正常
1162,正常
1831,正常
8517,异常
7839,异常
4097,正常
5161,正常
5271,正常
1598,正常
7261,异常
685,正常
4148,正常
787,正常
9797,异常
1651,正常
4513,正常
2684,正常
5996,正常
7079,异常
8572,异常
5988,正常
5960,正常
7248,异常
1759,正常
3258,正常
6566,正常
5176,正常
6992,正常
3877,正常
9736,异常
4027,正常
7410,异常
2307,正常
482,正常
8246,异常
3990,正常
7775,异常
987,正常
4627,正常
8352,异常
5761,正常
9962,异常
3522,正常
8437,异常
8229,异常
1233,正常
9168,异常
3939,正常
3442,正常
7409,异常
2732,正常
8879,异常
9326,异常
4596,正常
3681,正常
7888,异常
8761,异常
1767,正常
3369,正常
6120,正常
2539,正常
2545,正常
1292,正常
9277,异常
4411,正常
6542,正常
4119,正常
4404,正常
9938,异常
6799,正常
9786,异常
1183,正常
147,正常
114,正常
2489,正常
9835,异常
928,正常
1846,正常
7958,异常
1060,正常
5337,正常
7576,异常
8542,异常
6253,正常
5571,正常
5083,正常
6005,正常
3312,正常
2050,正常
4202,正常
8759,异常
7202,异常
9042,异常
6027,正常
5105,正常
6725,正常
7462,异常
3996,正常
3123,正常
1083,正常
3173,正常
9525,异常
1187,正常
2403,正常
6302,正常
2110,正常
4166,正常
9575,异常
9015,异常
495,正常
6647,正常
3565,正常
1536,正常
642,正常
2648,正常
4509,正常
619,正常
1415,正常
9947,异常
3091,正常
8718,异常
2193,正常
836,正常
3540,正常
4069,正常
1439,正常
5666,正常
885,正常
5496,正常
5961,正常
2974,正常
9968,异常
9226,异常
2884,正常
4063,正常
5711,正常
4814,正常
6525,正常
834,正常
4843,正常
864,正常
4453,正常
5786,正常
7706,异常
5880,正常
3777,正常
8094,异常
5254,正常
1881,正常
3626,正常
4551,正常
7143,异常
949,正常
4882,正常
6455,正常
6240,正常
4134,正常
5209,正常
3633,正常
2452,正常
2420,正常
8231,异常
4794,正常
9304,异常
2707,正常
3995,正常
60,正常
6364,正常
6761,正常
5243,正常
9532,异常
2034,正常
9365,异常
5823,正常
847,正常
4340,正常
553,正常
6276,正常
4150,正常
2443,正常
1067,正常
9121,异常
9628,异常
2209,正常
1291,正常
394,正常
6730,正常
5766,正常
6346,正常
6543,正常
830,正常
2825,正常
3859,正常
8116,异常
6872,正常
1172,正常
6369,正常
1661,正常
6340,正常
5590,正常
4677,正常
2635,正常
3978,正常
5452,正常
7798,异常
3148,正常
7269,异常
5411,正常
9182,异常
9215,异常
3305,正常
4042,正常
7545,异常
6465,正常
2178,正常
1252,正常
7850,异常
906,正常
4979,正常
2027,正常
3177,正常
3834,正常
6351,正常
9043,异常
464,正常
6788,正常
5680,正常
5222,正常
3466,正常
5860,正常
8248,异常
8920,异常
5870,正常
9598,异常
6097,正常
7139,异常
2591,正常
4395,正常
5841,正常
2704,正常
168,正常
6672,正常
3615,正常
7345,异常
4798,正常
5605,正常
9245,异常
5119,正常
3234,正常
1801,正常
5803,正常
3057,正常
48,正常
8805,异常
7253,异常
8727,异常
7191,异常
1976,正常
1266,正常
8825,异常
4746,正常
8736,异常
8193,异常
1397,正常
8203,异常
6630,正常
7496,异常
6064,正常
5916,正常
6161,正常
1708,正常
4665,正常
6733,正常
2715,正常
9875,异常
8301,异常
698,正常
5568,正常
6922,正常
7477,异常
5506,正常
1906,正常
8189,异常
5955,正常
2821,正常
4576,正常
5702,正常
8915,异常
9438,异常
6435,正常
1399,正常
8047,异常
2315,正常
5644,正常
3251,正常
9486,异常
4012,正常
7856,异常
1722,正常
3229,正常
3377,正常
6267,正常
1425,正常
2595,正常
4674,正常
2541,正常
5099,正常
9996,异常
3973,正常
2538,正常
2560,正常
2815,正常
1362,正常
6327,正常
8842,异常
467,正常
2975,正常
5507,正常
290,正常
1290,正常
3544,正常
9137,异常
7259,异常
4028,正常
6090,正常
43,正常
4570,正常
1369,正常
4516,正常
2944,正常
7981,异常
1101,正常
71,正常
1529,正常
937,正常
9091,异常
1205,正常
9290,异常
3543,正常
7918,异常
4208,正常
9858,异常
9809,异常
1697,正常
7144,异常
2902,正常
6414,正常
4437,正常
3288,正常
3952,正常
6171,正常
8577,异常
5084,正常
9343,异常
8658,异常
1812,正常
9381,异常
3502,正常
4342,正常
4762,正常
7053,异常
4875,正常
7502,异常
7901,异常
6813,正常
2487,正常
8063,异常
3620,正常
9872,异常
7170,异常
8510,异常
3755,正常
5924,正常
2233,正常
4943,正常
7050,异常
6964,正常
548,正常
1287,正常
6871,正常
9458,异常
4361,正常
1980,正常
1510,正常
9421,异常
5640,正常
6206,正常
6990,正常
3724,正常
4348,正常
3632,正常
6396,正常
6319,正常
600,正常
1609,正常
8493,异常
5476,正常
390,正常
1819,正常
9417,异常
2130,正常
4660,正常
3016,正常
2312,正常
7064,异常
2074,正常
9649,异常
9511,异常
2276,正常
2290,正常
9252,异常
7107,异常
4694,正常
8810,异常
8463,异常
1351,正常
633,正常
8376,异常
203,正常
5157,正常
9077,异常
6468,正常
6282,正常
6621,正常
1890,正常
808,正常
9104,异常
3534,正常
5187,正常
6517,正常
2671,正常
9537,异常
8630,异常
2634,正常
6901,正常
2364,正常
7684,异常
7530,异常
4900,正常
7150,异常
6833,正常
3489,正常
3430,正常
3797,正常
7384,异常
7205,异常
6756,正常
4265,正常
7499,异常
6726,正常
8818,异常
4822,正常
4934,正常
5949,正常
2769,正常
5784,正常
636,正常
7674,异常
6241,正常
6879,正常
353,正常
795,正常
473,正常
9857,异常
5035,正常
4574,正常
8091,异常
7290,异常
6905,正常
6184,正常
2853,正常
750,正常
4498,正常
46,正常
2993,正常
2812,正常
1686,正常
1268,正常
6823,正常
2037,正常
5398,正常
4130,正常
9282,异常
666,正常
8686,异常
5527,正常
3290,正常
7461,异常
6044,正常
9700,异常
6,正常
2201,正常
9074,异常
901,正常
9643,异常
1179,正常
7493,异常
9217,异常
5899,正常
7408,异常
8152,异常
1735,正常
1570,正常
9604,异常
2562,正常
9240,异常
8296,异常
4176,正常
401,正常
1473,正常
3813,正常
7716,异常
1519,正常
6422,正常
869,正常
7682,异常
481,正常
4510,正常
8903,异常
9981,异常
4945,正常
627,正常
5466,正常
3782,正常
8172,异常
2737,正常
324,正常
359,正常
875,正常
2048,正常
9352,异常
2797,正常
8164,异常
715,正常
1808,正常
9176,异常
8257,异常
6348,正常
7382,异常
8181,异常
6769,正常
9135,异常
2830,正常
196,正常
9396,异常
4444,正常
873,正常
3476,正常
8076,异常
1839,正常
4140,正常
7041,异常
5051,正常
3587,正常
5283,正常
7832,异常
2751,正常
8418,异常
3601,正常
1352,正常
8499,异常
1057,正常
4433,正常
9923,异常
1416,正常
8056,异常
311,正常
3050,正常
8337,异常
789,正常
9075,异常
8928,异常
2831,正常
9676,异常
4078,正常
2555,正常
2071,正常
1938,正常
1771,正常
4497,正常
8933,异常
8127,异常
8357,异常
9371,异常
3499,正常
181,正常
5604,正常
2573,正常
2024,正常
2614,正常
3372,正常
1220,正常
6780,正常
3056,正常
9782,异常
8338,异常
6659,正常
6157,正常
5294,正常
2930,正常
4133,正常
8150,异常
3098,正常
6392,正常
8155,异常
7047,异常
4370,正常
6278,正常
8614,异常
3827,正常
128,正常
5500,正常
2236,正常
6548,正常
7173,异常
23,正常
8666,异常
9070,异常
113,正常
4180,正常
8987,异常
8015,异常
4611,正常
4296,正常
5303,正常
6811,正常
6354,正常
3417,正常
8596,异常
5635,正常
3917,正常
7612,异常
6118,正常
6617,正常
8513,异常
7866,异常
3609,正常
582,正常
2524,正常
8656,异常
7398,异常
3239,正常
2894,正常
7495,异常
6789,正常
3194,正常
3788,正常
7992,异常
2718,正常
2776,正常
9536,异常
1441,正常
1468,正常
3066,正常
3819,正常
4193,正常
3136,正常
3426,正常
1250,正常
9096,异常
8487,异常
585,正常
4895,正常
3243,正常
3180,正常
3919,正常
9478,异常
4031,正常
6447,正常
6649,正常
1169,正常
5066,正常
8159,异常
6585,正常
2891,正常
8841,异常
2703,正常
2446,正常
5306,正常
24,正常
4999,正常
8027,异常
2109,正常
3669,正常
8773,异常
9294,异常
8067,异常
7751,异常
3667,正常
2094,正常
2806,正常
2286,正常
7972,异常
9747,异常
7991,异常
2168,正常
363,正常
7319,异常
1055,正常
4114,正常
4030,正常
8253,异常
2784,正常
1640,正常
4711,正常
8790,异常
3153,正常
4022,正常
2603,正常
8206,异常
1953,正常
8709,异常
6601,正常
1652,正常
8294,异常
3492,正常
7093,异常
9838,异常
6003,正常
2192,正常
3395,正常
1795,正常
3762,正常
457,正常
1590,正常
3168,正常
8820,异常
3299,正常
8339,异常
6451,正常
7296,异常
3064,正常
2438,正常
8026,异常
2753,正常
9069,异常
5333,正常
8258,异常
1117,正常
8886,异常
22,正常
7655,异常
7531,异常
7165,异常
7954,异常
3323,正常
9818,异常
1916,正常
9723,异常
9725,异常
3528,正常
8494,异常
8123,异常
3303,正常
385,正常
824,正常
8912,异常
6791,正常
7769,异常
164,正常
630,正常
8986,异常
217,正常
6104,正常
6559,正常
8982,异常
6960,正常
6411,正常
8978,异常
10000,异常
5875,正常
8395,异常
7740,异常
8454,异常
1746,正常
5419,正常
3519,正常
9813,异常
9554,异常
1221,正常
2261,正常
4223,正常
1954,正常
8633,异常
9093,异常
3089,正常
733,正常
976,正常
4894,正常
2816,正常
9815,异常
3335,正常
8967,异常
8110,异常
1243,正常
421,正常
9250,异常
1160,正常
3314,正常
6067,正常
6322,正常
1338,正常
8717,异常
9161,异常
6734,正常
3245,正常
5580,正常
6595,正常
6940,正常
8099,异常
6487,正常
744,正常
2397,正常
5103,正常
5501,正常
4469,正常
7884,异常
894,正常
8055,异常
1191,正常
1786,正常
289,正常
500,正常
9551,异常
4243,正常
6658,正常
2239,正常
4684,正常
9605,异常
1260,正常
4906,正常
4458,正常
4040,正常
961,正常
6931,正常
236,正常
8603,异常
4633,正常
7455,异常
2899,正常
2998,正常
2912,正常
3586,正常
763,正常
7645,异常
8623,异常
2238,正常
9497,异常
339,正常
7295,异常
1654,正常
7458,异常
8816,异常
4094,正常
514,正常
8501,异常
6179,正常
3833,正常
1360,正常
8518,异常
5253,正常
9210,异常
9123,异常
9659,异常
6728,正常
8657,异常
6503,正常
5684,正常
210,正常
9796,异常
8739,异常
6404,正常
8874,异常
6480,正常
1314,正常
7869,异常
6716,正常
4187,正常
4398,正常
5477,正常
287,正常
3242,正常
3799,正常
6062,正常
4687,正常
6361,正常
8153,异常
1897,正常
9948,异常
3012,正常
9742,异常
2885,正常
3991,正常
5793,正常
486,正常
3719,正常
9127,异常
7310,异常
1214,正常
2389,正常
9061,异常
1817,正常
5705,正常
2966,正常
6393,正常
9473,异常
8608,异常
5608,正常
6243,正常
3203,正常
8167,异常
6700,正常
1329,正常
1612,正常
1975,正常
3927,正常
3651,正常
4474,正常
9685,异常
5481,正常
6285,正常
4168,正常
5023,正常
1816,正常
9167,异常
4731,正常
3660,正常
675,正常
2169,正常
8521,异常
1576,正常
4431,正常
5232,正常
1387,正常
1337,正常
6574,正常
7213,异常
8199,异常
321,正常
3535,正常
9036,异常
1238,正常
8565,异常
2580,正常
2778,正常
4812,正常
2009,正常
4120,正常
6445,正常
7490,异常
2771,正常
9546,异常
4357,正常
9130,异常
7380,异常
2503,正常
4112,正常
4337,正常
501,正常
2485,正常
8007,异常
4442,正常
647,正常
7370,异常
8315,异常
6029,正常
7364,异常
2861,正常
7581,异常
2535,正常
1774,正常
9759,异常
5601,正常
6158,正常
8809,异常
1119,正常
8828,异常
4425,正常
2907,正常
9066,异常
8740,异常
7087,异常
7045,异常
1775,正常
8351,异常
1745,正常
3846,正常
9435,异常
4264,正常
5809,正常
2471,正常
3912,正常
8194,异常
7836,异常
6169,正常
3823,正常
6256,正常
9596,异常
5440,正常
2465,正常
7478,异常
2843,正常
7859,异常
9529,异常
8690,异常
952,正常
4786,正常
7895,异常
3948,正常
7483,异常
5404,正常
7498,异常
6738,正常
118,正常
4308,正常
1022,正常
9592,异常
7566,异常
8822,异常
8971,异常
1437,正常
8639,异常
9166,异常
7250,异常
4869,正常
4939,正常
2546,正常
5340,正常
7559,异常
9689,异常
9308,异常
6130,正常
7875,异常
84,正常
4240,正常
8904,异常
2147,正常
3404,正常
1693,正常
939,正常
415,正常
9314,异常
396,正常
403,正常
3962,正常
8929,异常
2133,正常
4300,正常
6382,正常
5650,正常
1259,正常
8962,异常
4417,正常
9017,异常
4568,正常
3767,正常
7739,异常
9344,异常
2675,正常
2118,正常
2453,正常
2976,正常
8250,异常
1061,正常
2357,正常
4508,正常
8651,异常
5743,正常
4719,正常
9144,异常
2871,正常
1867,正常
7609,异常
2072,正常
7712,异常
5690,正常
7724,异常
4713,正常
2763,正常
1339,正常
1871,正常
634,正常
743,正常
3448,正常
9895,异常
6132,正常
4049,正常
4058,正常
2654,正常
1209,正常
8000,异常
2018,正常
9106,异常
2278,正常
4878,正常
8965,异常
5276,正常
5858,正常
103,正常
4482,正常
7089,异常
2287,正常
437,正常
2814,正常
404,正常
9848,异常
3118,正常
9541,异常
7201,异常
9565,异常
228,正常
9897,异常
5581,正常
2000,正常
4663,正常
2589,正常
2371,正常
3083,正常
1031,正常
6651,正常
4345,正常
6262,正常
445,正常
8746,异常
1424,正常
2413,正常
5138,正常
3959,正常
9969,异常
842,正常
7109,异常
2352,正常
8640,异常
9708,异常
3102,正常
2504,正常
9976,异常
4537,正常
4580,正常
3416,正常
7758,异常
9922,异常
2035,正常
4995,正常
1952,正常
8945,异常
5745,正常
1464,正常
1383,正常
32,正常
2297,正常
7618,异常
5716,正常
7931,异常
1497,正常
2915,正常
2597,正常
2674,正常
2656,正常
7219,异常
9468,异常
782,正常
3764,正常
7006,异常
7695,异常
6549,正常
1019,正常
6042,正常
7910,异常
2593,正常
8845,异常
3482,正常
3882,正常
6906,正常
1577,正常
5744,正常
1304,正常
9432,异常
5096,正常
4145,正常
3052,正常
5473,正常
9612,异常
7297,异常
4607,正常
6747,正常
4162,正常
7491,异常
5990,正常
5219,正常
7537,异常
3621,正常
6712,正常
6128,正常
7668,异常
6408,正常
2274,正常
815,正常
1892,正常
9029,异常
5781,正常
9369,异常
9581,异常
1625,正常
2225,正常
9331,异常
8402,异常
292,正常
7733,异常
4782,正常
6618,正常
7933,异常
4175,正常
2303,正常
3792,正常
8516,异常
1496,正常
1802,正常
3529,正常
1776,正常
821,正常
7640,异常
4547,正常
687,正常
5468,正常
6510,正常
261,正常
7710,异常
6874,正常
1442,正常
5376,正常
8318,异常
1968,正常
1584,正常
2099,正常
5273,正常
4117,正常
819,正常
1528,正常
1331,正常
8269,异常
1705,正常
7912,异常
1050,正常
3046,正常
2793,正常
4446,正常
2633,正常
7553,异常
252,正常
8278,异常
1279,正常
1044,正常
861,正常
8601,异常
3870,正常
5801,正常
3668,正常
6586,正常
9577,异常
5073,正常
8354,异常
2248,正常
3687,正常
648,正常
3853,正常
4455,正常
9213,异常
1367,正常
6174,正常
2081,正常
5033,正常
2220,正常
1701,正常
9027,异常
5653,正常
7209,异常
3968,正常
9112,异常
4693,正常
6154,正常
1371,正常
3661,正常
8283,异常
267,正常
6895,正常
7146,异常
69,正常
1182,正常
5864,正常
726,正常
9698,异常
7223,异常
962,正常
7268,异常
7915,异常
76,正常
5518,正常
3887,正常
3802,正常
3999,正常
7827,异常
9882,异常
2630,正常
2117,正常
9798,异常
6374,正常
3665,正常
1024,正常
1015,正常
9801,异常
3695,正常
3469,正常
3778,正常
1429,正常
3914,正常
9275,异常
1173,正常
8877,异常
9593,异常
2086,正常
6927,正常
1526,正常
4351,正常
9186,异常
833,正常
1328,正常
793,正常
7671,异常
3653,正常
2142,正常
8793,异常
7169,异常
9209,异常
5565,正常
1567,正常
4759,正常
5091,正常
1239,正常
2760,正常
8232,异常
755,正常
64,正常
5037,正常
3116,正常
4013,正常
5274,正常
554,正常
351,正常
828,正常
6536,正常
3357,正常
6918,正常
7185,异常
6401,正常
1471,正常
2189,正常
9487,异常
6690,正常
356,正常
7877,异常
3924,正常
1048,正常
5156,正常
9439,异常
9220,异常
8255,异常
2847,正常
8298,异常
9035,异常
1548,正常
722,正常
3524,正常
3099,正常
9878,异常
7405,异常
4372,正常
5641,正常
4651,正常
458,正常
5592,正常
7691,异常
835,正常
8996,异常
612,正常
2183,正常
5113,正常
4785,正常
8943,异常
323,正常
1689,正常
7206,异常
6946,正常
3994,正常
1176,正常
5628,正常
7136,异常
7473,异常
1672,正常
131,正常
742,正常
803,正常
5577,正常
8946,异常
3190,正常
2792,正常
7791,异常
3606,正常
5396,正常
6138,正常
8713,异常
7376,异常
4680,正常
6425,正常
6286,正常
2291,正常
9198,异常
9834,异常
7920,异常
8425,异常
946,正常
701,正常
8325,异常
6108,正常
9674,异常
8600,异常
3432,正常
1934,正常
4366,正常
1676,正常
6155,正常
774,正常
8812,异常
4748,正常
5470,正常
1210,正常
8252,异常
446,正常
1783,正常
5985,正常
7728,异常
2497,正常
9917,异常
9805,异常
9429,异常
4681,正常
8988,异常
3666,正常
2280,正常
6891,正常
7944,异常
7001,异常
775,正常
2129,正常
4755,正常
753,正常
1712,正常
7200,异常
7509,异常
2587,正常
9145,异常
9105,异常
3488,正常
4232,正常
3256,正常
1778,正常
9931,异常
7399,异常
3972,正常
2651,正常
6857,正常
7396,异常
8626,异常
4749,正常
4832,正常
9920,异常
511,正常
4866,正常
1713,正常
8533,异常
7512,异常
3801,正常
8511,异常
1669,正常
2686,正常
3113,正常
3901,正常
3644,正常
5624,正常
3825,正常
5881,正常
6099,正常
2344,正常
2010,正常
229,正常
1671,正常
1825,正常
8021,异常
8114,异常
167,正常
413,正常
5673,正常
6512,正常
5760,正常
6426,正常
3634,正常
4893,正常
7140,异常
2016,正常
5183,正常
3212,正常
7281,异常
3232,正常
4989,正常
7349,异常
7745,异常
9522,异常
773,正常
5530,正常
6892,正常
8770,异常
9142,异常
9340,异常
3885,正常
879,正常
9748,异常
4055,正常
7375,异常
2100,正常
6376,正常
4310,正常
7885,异常
8660,异常
1650,正常
5906,正常
9687,异常
3225,正常
9374,异常
8937,异常
3378,正常
4691,正常
7270,异常
3712,正常
3527,正常
6080,正常
5046,正常
1454,正常
6490,正常
6491,正常
6840,正常
5891,正常
397,正常
6277,正常
3246,正常
9918,异常
3509,正常
6063,正常
7977,异常
4850,正常
9214,异常
3966,正常
5797,正常
5056,正常
8321,异常
7824,异常
4820,正常
322,正常
3684,正常
8498,异常
2612,正常
8833,异常
8344,异常
6175,正常
2399,正常
4128,正常
6693,正常
2721,正常
9415,异常
7683,异常
3334,正常
6835,正常
3044,正常
905,正常
8362,异常
1053,正常
7583,异常
579,正常
706,正常
6365,正常
5585,正常
6420,正常
1925,正常
1685,正常
6724,正常
9207,异常
1116,正常
4496,正常
7711,异常
6744,正常
1556,正常
2040,正常
9984,异常
4485,正常
5796,正常
2845,正常
2729,正常
2767,正常
1294,正常
7544,异常
4682,正常
1465,正常
9974,异常
4997,正常
632,正常
4454,正常
2246,正常
8505,异常
3864,正常
7232,异常
6405,正常
6513,正常
362,正常
813,正常
7725,异常
6461,正常
9402,异常
1130,正常
506,正常
6167,正常
1036,正常
6045,正常
5352,正常
8016,异常
140,正常
3875,正常
1147,正常
3252,正常
5983,正常
6073,正常
4861,正常
1123,正常
9004,异常
3610,正常
5699,正常
4089,正常
7604,异常
2275,正常
1267,正常
5393,正常
2343,正常
7063,异常
4606,正常
6907,正常
2394,正常
1309,正常
4021,正常
8725,异常
4347,正常
8844,异常
1902,正常
8431,异常
2733,正常
9261,异常
1488,正常
8314,异常
7852,异常
1010,正常
5951,正常
1396,正常
6039,正常
5545,正常
7363,异常
1664,正常
1145,正常
1850,正常
829,正常
1753,正常
4071,正常
9258,异常
1469,正常
9323,异常
3075,正常
5857,正常
6926,正常
1052,正常
6808,正常
2537,正常
7314,异常
1668,正常
6856,正常
1001,正常
176,正常
1893,正常
6959,正常
5826,正常
7779,异常
9481,异常
297,正常
6544,正常
8627,异常
978,正常
3956,正常
3127,正常
764,正常
463,正常
5515,正常
1754,正常
9776,异常
5070,正常
912,正常
4998,正常
2001,正常
6993,正常
7135,异常
2755,正常
6395,正常
1837,正常
1516,正常
9118,异常
982,正常
1240,正常
1246,正常
40,正常
2791,正常
3020,正常
4840,正常
8222,异常
5489,正常
1236,正常
2647,正常
536,正常
5177,正常
7730,异常
5774,正常
3223,正常
8862,异常
4167,正常
9571,异常
8348,异常
9578,异常
4667,正常
8853,异常
1149,正常
6899,正常
5285,正常
948,正常
8930,异常
9129,异常
1082,正常
2629,正常
8758,异常
7292,异常
8310,异常
6966,正常
7890,异常
5652,正常
7986,异常
8393,异常
6216,正常
5637,正常
5456,正常
8554,异常
7374,异常
8022,异常
8539,异常
678,正常
4368,正常
3705,正常
2802,正常
1449,正常
6750,正常
6786,正常
7480,异常
549,正常
4528,正常
2910,正常
4550,正常
4137,正常
3465,正常
3556,正常
8779,异常
2079,正常
3811,正常
3071,正常
5123,正常
1889,正常
9963,异常
8095,异常
3913,正常
6978,正常
629,正常
3336,正常
102,正常
1931,正常
1241,正常
358,正常
884,正常
5155,正常
8197,异常
149,正常
9169,异常
888,正常
9803,异常
8108,异常
386,正常
5765,正常
5770,正常
380,正常
1483,正常
123,正常
6306,正常
2564,正常
2412,正常
4036,正常
200,正常
6670,正常
3627,正常
2266,正常
9746,异常
7049,异常
5225,正常
3560,正常
3481,正常
100,正常
502,正常
450,正常
5256,正常
5382,正常
4271,正常
7816,异常
5997,正常
9749,异常
8260,异常
9602,异常
312,正常
2997,正常
4645,正常
7119,异常
281,正常
8693,异常
4951,正常
2171,正常
7377,异常
6701,正常
2460,正常
8224,异常
3715,正常
9335,异常
7989,异常
4319,正常
2145,正常
4174,正常
6226,正常
4467,正常
6371,正常
4122,正常
4650,正常
3042,正常
182,正常
349,正常
7435,异常
7729,异常
5919,正常
224,正常
5492,正常
7066,异常
6419,正常
9894,异常
2289,正常
5008,正常
1558,正常
5128,正常
6988,正常
1560,正常
3147,正常
2606,正常
2578,正常
6189,正常
163,正常
5984,正常
5038,正常
3539,正常
87,正常
953,正常
6482,正常
5646,正常
7880,异常
1184,正常
479,正常
5151,正常
1398,正常
2782,正常
2531,正常
6109,正常
8659,异常
7344,异常
8563,异常
5423,正常
1788,正常
8551,异常
6193,正常
1190,正常
7320,异常
8765,异常
1115,正常
5016,正常
1581,正常
5135,正常
1970,正常
5298,正常
4104,正常
6565,正常
6172,正常
6310,正常
1930,正常
3773,正常
8427,异常
9745,异常
9348,异常
5812,正常
3365,正常
3003,正常
7059,异常
640,正常
4853,正常
2967,正常
970,正常
1144,正常
6338,正常
3807,正常
6074,正常
3521,正常
9034,异常
3104,正常
1605,正常
4159,正常
9048,异常
3832,正常
5057,正常
2517,正常
1131,正常
6011,正常
3508,正常
9777,异常
9619,异常
8188,异常
3112,正常
5120,正常
6646,正常
8732,异常
9946,异常
6546,正常
5421,正常
1809,正常
2310,正常
6095,正常
1165,正常
846,正常
5764,正常
5482,正常
2515,正常
7492,异常
2496,正常
3880,正常
2493,正常
3776,正常
7288,异常
1507,正常
5159,正常
152,正常
4766,正常
717,正常
1994,正常
5445,正常
3789,正常
94,正常
2624,正常
1400,正常
4312,正常
3691,正常
6662,正常
4248,正常
2380,正常
7605,异常
1603,正常
2895,正常
6888,正常
5390,正常
1440,正常
4390,正常
3860,正常
418,正常
314,正常
2731,正常
9729,异常
2345,正常
6522,正常
503,正常
8456,异常
4618,正常
1503,正常
318,正常
2375,正常
5769,正常
7023,异常
4164,正常
5019,正常
9339,异常
2023,正常
6804,正常
9928,异常
908,正常
9557,异常
5878,正常
8966,异常
1955,正常
2181,正常
2922,正常
8306,异常
5748,正常
4210,正常
3937,正常
676,正常
3007,正常
3985,正常
893,正常
8850,异常
3100,正常
4818,正常
2283,正常
2242,正常
9013,异常
8559,异常
4602,正常
6298,正常
2206,正常
7794,异常
173,正常
6985,正常
9789,异常
2336,正常
3484,正常
2043,正常
2441,正常
5182,正常
5194,正常
3909,正常
932,正常
1186,正常
6678,正常
8871,异常
1608,正常
6545,正常
7675,异常
3453,正常
6947,正常
3388,正常
6106,正常
7046,异常
1170,正常
4904,正常
6409,正常
5656,正常
1851,正常
5692,正常
1071,正常
2710,正常
7522,异常
2481,正常
5888,正常
8330,异常
8316,异常
4041,正常
7957,异常
4138,正常
5453,正常
150,正常
8483,异常
1983,正常
4532,正常
641,正常
6714,正常
3547,正常
7425,异常
798,正常
331,正常
1531,正常
7283,异常
3923,正常
6246,正常
5659,正常
4344,正常
14,正常
9559,异常
9662,异常
3103,正常
8459,异常
7388,异常
9325,异常
204,正常
6814,正常
8087,异常
8044,异常
5039,正常
3047,正常
8796,异常
1264,正常
1490,正常
4679,正常
9154,异常
7457,异常
8782,异常
8345,异常
9702,异常
8154,异常
1041,正常
2377,正常
4987,正常
4374,正常
703,正常
7421,异常
5363,正常
2323,正常
6976,正常
5632,正常
849,正常
5839,正常
1521,正常
2927,正常
1395,正常
1222,正常
8830,异常
7741,异常
3713,正常
3987,正常
3160,正常
9958,异常
8191,异常
3195,正常
237,正常
9236,异常
4373,正常
8356,异常
1966,正常
9281,异常
4160,正常
9607,异常
4204,正常
1408,正常
7276,异常
1629,正常
1081,正常
9185,异常
4325,正常
5772,正常
6934,正常
4981,正常
6552,正常
7932,异常
1721,正常
4527,正常
8139,异常
3514,正常
2021,正常
9038,异常
4712,正常
6485,正常
3418,正常
4565,正常
3419,正常
4957,正常
262,正常
9052,异常
1402,正常
1963,正常
5573,正常
2657,正常
9183,异常
3477,正常
2195,正常
5822,正常
8682,异常
2756,正常
6232,正常
9278,异常
1761,正常
1742,正常
4033,正常
5063,正常
8737,异常
7603,异常
4668,正常
4710,正常
1350,正常
6530,正常
6983,正常
7090,异常
4675,正常
959,正常
2883,正常
36,正常
2621,正常
55,正常
3569,正常
3320,正常
2920,正常
9476,异常
3844,正常
8211,异常
8228,异常
7072,异常
6366,正常
7578,异常
2468,正常
7967,异常
4401,正常
9328,异常
414,正常
8721,异常
1618,正常
1666,正常
6834,正常
2068,正常
4481,正常
778,正常
2199,正常
6223,正常
9305,异常
1493,正常
510,正常
7215,异常
466,正常
2551,正常
9401,异常
1138,正常
6483,正常
478,正常
960,正常
1485,正常
2745,正常
5006,正常
2428,正常
689,正常
7620,异常
1075,正常
6943,正常
3953,正常
5926,正常
5361,正常
9303,异常
247,正常
7774,异常
898,正常
8648,异常
5550,正常
4123,正常
969,正常
3532,正常
368,正常
1174,正常
3501,正常
9867,异常
4143,正常
5889,正常
810,正常
7876,异常
251,正常
2826,正常
6774,正常
7210,异常
5472,正常
5147,正常
4059,正常
429,正常
772,正常
9147,异常
6844,正常
8013,异常
2514,正常
1163,正常
658,正常
4091,正常
9979,异常
5336,正常
711,正常
5184,正常
804,正常
3346,正常
7106,异常
5643,正常
5946,正常
5074,正常
8477,异常
3101,正常
9355,异常
1797,正常
8547,异常
8113,异常
3725,正常
2425,正常
6560,正常
3041,正常
768,正常
1224,正常
5324,正常
7883,异常
4976,正常
9196,异常
1066,正常
3392,正常
570,正常
3500,正常
1389,正常
9450,异常
4937,正常
1869,正常
7416,异常
2530,正常
1262,正常
99,正常
3297,正常
3891,正常
5077,正常
1756,正常
7241,异常
1008,正常
256,正常
357,正常
7507,异常
2348,正常
6031,正常
1730,正常
2384,正常
3692,正常
3871,正常
5417,正常
3812,正常
6886,正常
3108,正常
4422,正常
7487,异常
9781,异常
3821,正常
7773,异常
4811,正常
5950,正常
4461,正常
6836,正常
4511,正常
7693,异常
5904,正常
26,正常
2228,正常
900,正常
2625,正常
9844,异常
1877,正常
2708,正常
4443,正常
8865,异常
1064,正常
3270,正常
4105,正常
8800,异常
6007,正常
9874,异常
1143,正常
6890,正常
5060,正常
4277,正常
8724,异常
1421,正常
878,正常
5564,正常
7754,异常
1212,正常
254,正常
6878,正常
5439,正常
8377,异常
8394,异常
7940,异常
3222,正常
5004,正常
907,正常
9889,异常
8815,异常
2642,正常
9393,异常
4483,正常
9626,异常
7973,异常
2725,正常
2138,正常
6089,正常
5268,正常
8804,异常
6326,正常
5,正常
8856,异常
3040,正常
1554,正常
1928,正常
5479,正常
9580,异常
8861,异常
792,正常
6477,正常
1202,正常
1315,正常
1275,正常
3366,正常
9491,异常
3573,正常
5929,正常
9197,异常
3525,正常
4039,正常
6908,正常
9808,异常
6996,正常
139,正常
7280,异常
4631,正常
8592,异常
1091,正常
867,正常
5844,正常
2136,正常
5162,正常
7017,异常
8598,异常
6121,正常
435,正常
596,正常
2277,正常
9971,异常
9114,异常
2306,正常
6832,正常
2803,正常
5431,正常
455,正常
3236,正常
5942,正常
6766,正常
9623,异常
9152,异常
9060,异常
180,正常
8925,异常
2772,正常
9178,异常
3680,正常
25,正常
1770,正常
7329,异常
4887,正常
4155,正常
110,正常
1610,正常
7934,异常
3679,正常
8948,异常
6413,正常
9406,异常
4258,正常
7450,异常
9376,异常
7189,异常
6635,正常
3467,正常
9869,异常
409,正常
2105,正常
2877,正常
5727,正常
5428,正常
9033,异常
2363,正常
7433,异常
5583,正常
3781,正常
1681,正常
8275,异常
6576,正常
1866,正常
3060,正常
7528,异常
5503,正常
6965,正常
4692,正常
5034,正常
334,正常
3183,正常
3703,正常
135,正常
2903,正常
2264,正常
9110,异常
8707,异常
9392,异常
2284,正常
854,正常
739,正常
6344,正常
1361,正常
7970,异常
2301,正常
7148,异常
874,正常
9462,异常
9483,异常
9414,异常
5192,正常
5681,正常
3474,正常
4507,正常
740,正常
3602,正常
9501,异常
6665,正常
8840,异常
4135,正常
3381,正常
6970,正常
1729,正常
9206,异常
9905,异常
1218,正常
8938,异常
330,正常
9507,异常
5145,正常
7580,异常
2245,正常
2898,正常
8530,异常
7282,异常
5071,正常
866,正常
1738,正常
5003,正常
6248,正常
4910,正常
7300,异常
6456,正常
6704,正常
963,正常
1251,正常
6984,正常
3106,正常
4919,正常
6535,正常
602,正常
364,正常
6767,正常
6181,正常
6406,正常
8241,异常
7520,异常
7182,异常
3518,正常
5902,正常
4207,正常
3262,正常
8242,异常
4037,正常
9346,异常
3215,正常
8557,异常
534,正常
2141,正常
8589,异常
1033,正常
4804,正常
3402,正常
7287,异常
378,正常
8281,异常
4816,正常
9443,异常
2571,正常
443,正常
2695,正常
382,正常
4465,正常
2667,正常
2613,正常
9677,异常
2908,正常
3856,正常
4421,正常
8811,异常
7862,异常
8900,异常
7953,异常
5911,正常
524,正常
5525,正常
4524,正常
6945,正常
6861,正常
9448,异常
8071,异常
5045,正常
5976,正常
7789,异常
78,正常
6373,正常
7571,异常
9845,异常
1861,正常
3672,正常
9956,异常
2644,正常
3523,正常
1404,正常
2949,正常
8435,异常
6251,正常
1457,正常
4100,正常
1534,正常
8144,异常
1960,正常
996,正常
6897,正常
3248,正常
2330,正常
6458,正常
4334,正常
3726,正常
4084,正常
4966,正常
4221,正常
7073,异常
7809,异常
5131,正常
2863,正常
6178,正常
3437,正常
7385,异常
2507,正常
7067,异常
1460,正常
4290,正常
5280,正常
724,正常
7094,异常
538,正常
8340,异常
6674,正常
5181,正常
8989,异常
6619,正常
8595,异常
7192,异常
3464,正常
7853,异常
8446,异常
860,正常
5886,正常
9569,异常
5053,正常
9316,异常
8807,异常
2609,正常
604,正常
9831,异常
2870,正常
7821,异常
7983,异常
8883,异常
3193,正常
9949,异常
1070,正常
1799,正常
8420,异常
5893,正常
1150,正常
5741,正常
9122,异常
7285,异常
8268,异常
2879,正常
2628,正常
9382,异常
2028,正常
4561,正常
8519,异常
2858,正常
6360,正常
6864,正常
9911,异常
7790,异常
5381,正常
9778,异常
7943,异常
6066,正常
9553,异常
9527,异常
7623,异常
2292,正常
3796,正常
3034,正常
4615,正常
6686,正常
3408,正常
9951,异常
3642,正常
6383,正常
9520,异常
4252,正常
4780,正常
8817,异常
7636,异常
9959,异常
3550,正常
1990,正常
8419,异常
6234,正常
8289,异常
5882,正常
3975,正常
5171,正常
8237,异常
1445,正常
9744,异常
586,正常
6040,正常
5414,正常
9548,异常
9193,异常
1365,正常
697,正常
2604,正常
8895,异常
4968,正常
2416,正常
6228,正常
117,正常
4756,正常
5994,正常
1546,正常
7124,异常
8534,异常
3763,正常
4018,正常
3349,正常
8918,异常
8089,异常
7757,异常
2705,正常
609,正常
7903,异常
5287,正常
7371,异常
9156,异常
41,正常
3238,正常
3189,正常
7591,异常
4412,正常
765,正常
5241,正常
2122,正常
5082,正常
993,正常
7212,异常
8293,异常
2492,正常
3287,正常
4184,正常
6231,正常
2162,正常
639,正常
4504,正常
8991,异常
4970,正常
8384,异常
2302,正常
6198,正常
9264,异常
7687,异常
3331,正常
5758,正常
7511,异常
56,正常
1984,正常
1843,正常
1706,正常
1215,正常
5866,正常
3358,正常
3599,正常
3004,正常
3450,正常
249,正常
8550,异常
670,正常
5079,正常
4560,正常
6297,正常
7673,异常
3175,正常
2566,正常
8977,异常
5710,正常
2318,正常
4954,正常
617,正常
6914,正常
6430,正常
4982,正常
3896,正常
8972,异常
2563,正常
2631,正常
62,正常
7806,异常
5776,正常
8549,异常
2461,正常
4526,正常
7257,异常
3865,正常
3226,正常
4612,正常
3551,正常
599,正常
5278,正常
6056,正常
4196,正常
3806,正常
7286,异常
185,正常
9787,异常
9636,异常
5563,正常
3878,正常
8835,异常
4061,正常
3367,正常
7949,异常
1964,正常
7330,异常
7008,异常
5166,正常
6991,正常
6001,正常
9716,异常
3169,正常
6520,正常
4326,正常
5848,正常
9020,异常
4992,正常
1028,正常
9177,异常
2665,正常
9467,异常
7593,异常
6917,正常
3949,正常
1862,正常
49,正常
3841,正常
5918,正常
8028,异常
4053,正常
8058,异常
8522,异常
4925,正常
8672,异常
4131,正常
8697,异常
1346,正常
8388,异常
74,正常
9172,异常
2544,正常
3086,正常
6427,正常
2156,正常
9503,异常
2741,正常
3598,正常
3582,正常
6116,正常
1728,正常
4515,正常
65,正常
6182,正常
9836,异常
2586,正常
8010,异常
9320,异常
5569,正常
8922,异常
4616,正常
1973,正常
2572,正常
4885,正常
6580,正常
5989,正常
6489,正常
1957,正常
7527,异常
2637,正常
7988,异常
402,正常
1058,正常
5425,正常
5353,正常
9879,异常
1911,正常
6713,正常
8074,异常
5922,正常
9046,异常
9715,异常
2046,正常
3028,正常
7075,异常
4217,正常
9356,异常
8964,异常
3230,正常
4448,正常
1643,正常
6254,正常
2602,正常
5450,正常
6687,正常
1045,正常
4739,正常
459,正常
989,正常
5139,正常
4776,正常
7367,异常
951,正常
4415,正常
5714,正常
3022,正常
9039,异常
4142,正常
241,正常
5085,正常
7127,异常
8267,异常
2008,正常
7174,异常
3585,正常
5293,正常
2739,正常
3370,正常
8880,异常
2620,正常
9143,异常
2569,正常
5495,正常
3027,正常
5260,正常
3648,正常
7628,异常
9067,异常
8285,异常
9100,异常
7355,异常
193,正常
484,正常
8617,异常
5186,正常
1642,正常
8247,异常
8368,异常
2119,正常
6124,正常
826,正常
3310,正常
5009,正常
1822,正常
5519,正常
3920,正常
7882,异常
4125,正常
1103,正常
9871,异常
8311,异常
2499,正常
8635,异常
171,正常
3435,正常
2161,正常
8885,异常
5454,正常
6689,正常
8742,异常
2061,正常
3584,正常
6247,正常
347,正常
6264,正常
497,正常
1623,正常
8973,异常
1544,正常
2366,正常
7378,异常
4096,正常
3575,正常
5080,正常
8838,异常
2055,正常
6929,正常
8902,异常
9157,异常
4860,正常
1585,正常
6731,正常
3332,正常
6017,正常
216,正常
513,正常
7913,异常
8492,异常
6613,正常
1929,正常
3786,正常
3746,正常
2926,正常
9227,异常
1446,正常
5310,正常
4188,正常
2722,正常
8266,异常
655,正常
492,正常
7129,异常
7082,异常
5178,正常
4912,正常
4365,正常
7646,异常
3629,正常
6710,正常
7807,异常
6933,正常
1552,正常
4863,正常
6711,正常
2808,正常
9573,异常
5335,正常
4316,正常
9109,异常
1506,正常
1959,正常
5529,正常
5040,正常
130,正常
1422,正常
4241,正常
9965,异常
4635,正常
6809,正常
8691,异常
5089,正常
9456,异常
2354,正常
9964,异常
4391,正常
1046,正常
2252,正常
5350,正常
3371,正常
340,正常
4287,正常
6948,正常
974,正常
8752,异常
3281,正常
5342,正常
4045,正常
7719,异常
392,正常
4181,正常
1796,正常
4297,正常
8046,异常
1501,正常
1991,正常
9704,异常
1106,正常
2859,正常
7025,异常
6843,正常
7391,异常
4182,正常
7879,异常
1470,正常
8749,异常
9187,异常
5265,正常
5799,正常
4329,正常
8797,异常
5394,正常
2690,正常
7353,异常
3542,正常
5729,正常
984,正常
4466,正常
7434,异常
8843,异常
9089,异常
8992,异常
8369,异常
4572,正常
7145,异常
2095,正常
6556,正常
5664,正常
556,正常
1359,正常
3570,正常
7504,异常
3574,正常
5709,正常
4073,正常
8687,异常
7887,异常
309,正常
1740,正常
3795,正常
9910,异常
7163,异常
3325,正常
6024,正常
447,正常
3342,正常
6075,正常
611,正常
9495,异常
1196,正常
7317,异常
2051,正常
9899,异常
2184,正常
6956,正常
3504,正常
2257,正常
383,正常
4915,正常
6648,正常
1127,正常
3211,正常
5372,正常
7454,异常
1909,正常
5562,正常
5969,正常
1319,正常
9961,异常
6727,正常
4213,正常
967,正常
3302,正常
7743,异常
8202,异常
9155,异常
4593,正常
1543,正常
7430,异常
2285,正常
6321,正常
796,正常
4185,正常
708,正常
2955,正常
223,正常
3881,正常
8951,异常
9321,异常
5737,正常
8205,异常
293,正常
5087,正常
3126,正常
2227,正常
9204,异常
8881,异常
5320,正常
7444,异常
1208,正常
2076,正常
5584,正常
5076,正常
2213,正常
5447,正常
9232,异常
6757,正常
8079,异常
4886,正常
253,正常
4702,正常
9302,异常
2942,正常
3187,正常
574,正常
2550,正常
5281,正常
3224,正常
2734,正常
7927,异常
9379,异常
9764,异常
4484,正常
1006,正常
4655,正常
9600,异常
6778,正常
518,正常
5426,正常
9249,异常
4163,正常
3227,正常
3915,正常
5433,正常
8548,异常
6186,正常
7328,异常
2643,正常
3572,正常
5845,正常
8653,异常
6527,正常
1715,正常
417,正常
9934,异常
5528,正常
9482,异常
7424,异常
2565,正常
3614,正常
3591,正常
6796,正常
5366,正常
9338,异常
8295,异常
863,正常
6113,正常
8786,异常
2999,正常
4475,正常
6502,正常
3087,正常
2372,正常
8985,异常
3092,正常
5429,正常
5201,正常
3390,正常
8403,异常
316,正常
555,正常
1580,正常
7736,异常
7414,异常
6821,正常
6429,正常
2200,正常
3382,正常
4420,正常
4634,正常
9307,异常
9696,异常
6299,正常
3779,正常
9624,异常
3447,正常
7700,异常
4789,正常
1845,正常
4672,正常
3085,正常
2713,正常
8523,异常
6180,正常
8343,异常
2866,正常
8814,异常
3866,正常
6457,正常
851,正常
2137,正常
4892,正常
3461,正常
4514,正常
3278,正常
3741,正常
3934,正常
1511,正常
7677,异常
3081,正常
1639,正常
4301,正常
8625,异常
9474,异常
8033,异常
971,正常
2356,正常
6233,正常
3580,正常
3459,正常
8700,异常
7294,异常
4359,正常
7720,异常
8161,异常
6115,正常
5196,正常
1375,正常
1635,正常
5768,正常
1141,正常
990,正常
521,正常
8245,异常
1318,正常
9692,异常
3568,正常
2754,正常
1032,正常
4857,正常
9893,异常
8981,异常
535,正常
4701,正常
1769,正常
2820,正常
8065,异常
5693,正常
3842,正常
8138,异常
3144,正常
5226,正常
6851,正常
7611,异常
5026,正常
1982,正常
7805,异常
3683,正常
6971,正常
8743,异常
3308,正常
5520,正常
5130,正常
96,正常
8849,异常
2645,正常
4642,正常
191,正常
516,正常
9916,异常
4930,正常
713,正常
381,正常
1780,正常
8328,异常
956,正常
4212,正常
6280,正常
9361,异常
4773,正常
5380,正常
1002,正常
6587,正常
4292,正常
5132,正常
2096,正常
2921,正常
4452,正常
9444,异常
1658,正常
2069,正常
4367,正常
4545,正常
345,正常
3662,正常
2056,正常
5321,正常
5516,正常
1175,正常
8911,异常
2978,正常
2610,正常
4940,正常
1665,正常
329,正常
1523,正常
7519,异常
7111,异常
4688,正常
5719,正常
1943,正常
7423,异常
7842,异常
1762,正常
1128,正常
8135,异常
3554,正常
4015,正常
4819,正常
8209,异常
4110,正常
9306,异常
6746,正常
9333,异常
2750,正常
8392,异常
7226,异常
5049,正常
2941,正常
4506,正常
1265,正常
2153,正常
8728,异常
3654,正常
4236,正常
1249,正常
4888,正常
8668,异常
9322,异常
4052,正常
2414,正常
8467,异常
6858,正常
9195,异常
1714,正常
2598,正常
2167,正常
8747,异常
3403,正常
7886,异常
7643,异常
1522,正常
9656,异常
8485,异常
9498,异常
801,正常
8244,异常
9288,异常
7722,异常
5365,正常
6645,正常
5108,正常
3732,正常
6703,正常
5698,正常
5486,正常
1353,正常
2160,正常
6551,正常
1599,正常
4044,正常
5021,正常
9582,异常
5552,正常
9757,异常
4339,正常
5397,正常
2694,正常
2395,正常
5165,正常
6967,正常
7482,异常
1159,正常
9,正常
8175,异常
6997,正常
8641,异常
7159,异常
7914,异常
3854,正常
1406,正常
2311,正常
6250,正常
9092,异常
2663,正常
4298,正常
6224,正常
9755,异常
3154,正常
7348,异常
8158,异常
9539,异常
2575,正常
2466,正常
2211,正常
919,正常
1555,正常
9519,异常
5965,正常
108,正常
3124,正常
663,正常
9509,异常
112,正常
3561,正常
4549,正常
85,正常
1768,正常
6209,正常
5862,正常
6987,正常
5915,正常
5211,正常
2971,正常
4409,正常
4124,正常
444,正常
8896,异常
6387,正常
6979,正常
5036,正常
4985,正常
7560,异常
9768,异常
9431,异常
9601,异常
2148,正常
5047,正常
1192,正常
6163,正常
127,正常
9350,异常
1407,正常
7500,异常
9763,异常
1201,正常
9638,异常
2836,正常
692,正常
2961,正常
5517,正常
7592,异常
1313,正常
5018,正常
3019,正常
7037,异常
7948,异常
1027,正常
2124,正常
6389,正常
3347,正常
5392,正常
3512,正常
4567,正常
7951,异常
7095,异常
7681,异常
563,正常
4541,正常
412,正常
4436,正常
1452,正常
8650,异常
1122,正常
5221,正常
2798,正常
4095,正常
4375,正常
6666,正常
6720,正常
7985,异常
8558,异常
3511,正常
4230,正常
1153,正常
1632,正常
9021,异常
5269,正常
6037,正常
5229,正常
1090,正常
4430,正常
7415,异常
6609,正常
8560,异常
9410,异常
2477,正常
8180,异常
5937,正常
2406,正常
9870,异常
2970,正常
5941,正常
7835,异常
9064,异常
7777,异常
2780,正常
4871,正常
3992,正常
1343,正常
7669,异常
2440,正常
1820,正常
4257,正常
1489,正常
8529,异常
4199,正常
3498,正常
623,正常
2937,正常
6883,正常
3918,正常
4889,正常
8131,异常
1724,正常
6615,正常
4491,正常
2458,正常
3441,正常
4706,正常
1646,正常
7586,异常
1195,正常
8166,异常
3890,正常
4447,正常
5726,正常
3497,正常
5591,正常
8361,异常
2063,正常
4617,正常
3900,正常
2057,正常
7305,异常
3267,正常
5837,正常
557,正常
2488,正常
4909,正常
8528,异常
4087,正常
5117,正常
3139,正常
4905,正常
4512,正常
1303,正常
9489,异常
9724,异常
8329,异常
6591,正常
7726,异常
8387,异常
5412,正常
6639,正常
4664,正常
4639,正常
3879,正常
1204,正常
1354,正常
9141,异常
480,正常
9632,异常
2775,正常
3910,正常
954,正常
7982,异常
3510,正常
5689,正常
1248,正常
1436,正常
5242,正常
9547,异常
3157,正常
4703,正常
5005,正常
7104,异常
1380,正常
8332,异常
8374,异常
8130,异常
891,正常
1311,正常
1499,正常
1772,正常
2520,正常
7235,异常
456,正常
8538,异常
9413,异常
1965,正常
4858,正常
8410,异常
1726,正常
4299,正常
5657,正常
5247,正常
4047,正常
1181,正常
405,正常
4846,正常
7897,异常
3495,正常
9671,异常
5116,正常
6030,正常
31,正常
4489,正常
9211,异常
7638,异常
5237,正常
9409,异常
9860,异常
1736,正常
6643,正常
3657,正常
4594,正常
442,正常
5102,正常
6541,正常
7005,异常
693,正常
3119,正常
8889,异常
7101,异常
9892,异常
3623,正常
9957,异常
8671,异常
5246,正常
4379,正常
3393,正常
9967,异常
1198,正常
6301,正常
2340,正常
2640,正常
8129,异常
4707,正常
8594,异常
7251,异常
6980,正常
6214,正常
644,正常
4974,正常
3061,正常
6763,正常
6775,正常
2561,正常
7812,异常
2848,正常
391,正常
1286,正常
9477,异常
3794,正常
2936,正常
757,正常
3159,正常
451,正常
244,正常
6290,正常
8692,异常
6702,正常
4669,正常
5001,正常
2681,正常
5660,正常
273,正常
8947,异常
7125,异常
2382,正常
8714,异常
1078,正常
8754,异常
8664,异常
5050,正常
4092,正常
7637,异常
3567,正常
3420,正常
679,正常
7848,异常
9817,异常
6501,正常
3638,正常
7905,异常
6177,正常
9271,异常
3471,正常
1023,正常
544,正常
2590,正常
9512,异常
6274,正常
7659,异常
606,正常
8536,异常
2862,正常
5982,正常
263,正常
8147,异常
1393,正常
902,正常
8771,异常
1244,正常
7552,异常
5189,正常
5814,正常
2222,正常
5567,正常
7390,异常
4025,正常
2714,正常
1803,正常
4046,正常
2939,正常
8813,异常
2164,正常
8836,异常
924,正常
299,正常
9856,异常
2875,正常
3824,正常
5824,正常
3272,正常
3129,正常
4470,正常
8961,异常
3926,正常
2134,正常
5068,正常
6557,正常
3296,正常
8312,异常
1852,正常
994,正常
5413,正常
81,正常
8751,异常
1645,正常
8984,异常
9148,异常
5730,正常
7362,异常
7179,异常
852,正常
6257,正常
4847,正常
9706,异常
5100,正常
7247,异常
4815,正常
1582,正常
9822,异常
5347,正常
4487,正常
1368,正常
6436,正常
266,正常
4077,正常
1194,正常
8083,异常
6325,正常
5616,正常
4255,正常
6827,正常
4266,正常
7664,异常
7177,异常
7394,异常
9873,异常
9337,异常
785,正常
1269,正常
4880,正常
5686,正常
2254,正常
5202,正常
7389,异常
3867,正常
5885,正常
610,正常
681,正常
3473,正常
9812,异常
3541,正常
5763,正常
5852,正常
2444,正常
7099,异常
9425,异常
8434,异常
3176,正常
6739,正常
3209,正常
4219,正常
6330,正常
1419,正常
8146,异常
4244,正常
4260,正常
5432,正常
2743,正常
9622,异常
7995,异常
5647,正常
1709,正常
5109,正常
2777,正常
2362,正常
296,正常
1752,正常
8302,异常
5359,正常
3249,正常
5728,正常
5267,正常
2173,正常
9006,异常
8553,异常
9630,异常
9670,异常
1821,正常
6537,正常
4156,正常
6199,正常
5325,正常
9266,异常
522,正常
8738,异常
8100,异常
9595,异常
7613,异常
8299,异常
2411,正常
5441,正常
1261,正常
1270,正常
8472,异常
4186,正常
4834,正常
7485,异常
5623,正常
9849,异常
6164,正常
1692,正常
3868,正常
8367,异常
9673,异常
4683,正常
4792,正常
88,正常
8360,异常
8307,异常
818,正常
7350,异常
4043,正常
9631,异常
3001,正常
6126,正常
7437,异常
5991,正常
4254,正常
5257,正常
2655,正常
4314,正常
9087,异常
7533,异常
4715,正常
2052,正常
6949,正常
887,正常
2177,正常
3179,正常
2421,正常
245,正常
6034,正常
34,正常
6828,正常
1225,正常
1663,正常
5872,正常
9795,异常
288,正常
5042,正常
6504,正常
3650,正常
8541,异常
4754,正常
7419,异常
8583,异常
2526,正常
5356,正常
5141,正常
7230,异常
7436,异常
3037,正常
3339,正常
1978,正常
9635,异常
8134,异常
7947,异常
916,正常
7386,异常
5622,正常
7860,异常
3838,正常
1312,正常
5455,正常
148,正常
3407,正常
5332,正常
3947,正常
4901,正常
6388,正常
1910,正常
9994,异常
4922,正常
8251,异常
1811,正常
9318,异常
6052,正常
950,正常
4600,正常
1945,正常
738,正常
28,正常
2749,正常
9446,异常
2075,正常
3088,正常
7804,异常
4557,正常
4014,正常
376,正常
3983,正常
5323,正常
2583,正常
7635,异常
3354,正常
8829,异常
7489,异常
4029,正常
4396,正常
4172,正常
8036,异常
7120,异常
3845,正常
8514,异常
6140,正常
8866,异常
1828,正常
2078,正常
5149,正常
7865,异常
17,正常
6315,正常
5341,正常
141,正常
5757,正常
3730,正常
7692,异常
2331,正常
6923,正常
8179,异常
7925,异常
239,正常
3096,正常
5574,正常
8604,异常
4704,正常
1013,正常
7178,异常
3583,正常
7808,异常
5606,正常
2570,正常
5490,正常
2632,正常
3793,正常
5314,正常
8527,异常
541,正常
2698,正常
1946,正常
6598,正常
5377,正常
5134,正常
1049,正常
6638,正常
4471,正常
9804,异常
1017,正常
9903,异常
6887,正常
5301,正常
4304,正常
5535,正常
3721,正常
9780,异常
2972,正常
6825,正常
2932,正常
695,正常
3351,正常
1107,正常
7323,异常
841,正常
225,正常
8256,异常
1865,正常
3686,正常
9761,异常
7900,异常
8531,异常
2807,正常
4588,正常
9459,异常
1217,正常
2509,正常
7172,异常
4103,正常
5459,正常
4772,正常
5825,正常
9667,异常
3536,正常
3723,正常
9295,异常
4543,正常
5863,正常
2672,正常
5553,正常
354,正常
626,正常
7968,异常
6270,正常
5296,正常
7952,异常
7542,异常
1972,正常
2234,正常
2054,正常
3134,正常
9661,异常
3076,正常
2542,正常
5437,正常
5290,正常
82,正常
2923,正常
2711,正常
6313,正常
3625,正常
4191,正常
8051,异常
8359,异常
5028,正常
5843,正常
2719,正常
6013,正常
3385,正常
4783,正常
6681,正常
5272,正常
876,正常
5286,正常
3438,正常
3152,正常
1211,正常
3559,正常
5385,正常
4267,正常
5879,正常
3986,正常
6028,正常
1431,正常
1308,正常
5808,正常
9985,异常
7263,异常
5930,正常
4559,正常
6438,正常
1833,正常
1152,正常
4038,正常
3213,正常
3884,正常
3709,正常
3399,正常
7160,异常
9679,异常
430,正常
9887,异常
1699,正常
1636,正常
8397,异常
1939,正常
7413,异常
8694,异常
1958,正常
4671,正常
8334,异常
5308,正常
5936,正常
9655,异常
8571,异常
9229,异常
6642,正常
8018,异常
7445,异常
8959,异常
3604,正常
986,正常
9180,异常
7011,异常
7930,异常
1084,正常
5840,正常
1016,正常
9347,异常
8963,异常
9651,异常
3663,正常
848,正常
7038,异常
4944,正常
1263,正常
4259,正常
3079,正常
5438,正常
1731,正常
4592,正常
166,正常
657,正常
2650,正常
7833,异常
5463,正常
6303,正常
1920,正常
2659,正常
4735,正常
6583,正常
9647,异常
8375,异常
7440,异常
5228,正常
6308,正常
9445,异常
6505,正常
9825,异常
8916,异常
6236,正常
4068,正常
3283,正常
1588,正常
5513,正常
1720,正常
4924,正常
6442,正常
5542,正常
6664,正常
6238,正常
732,正常
7078,异常
2765,正常
9007,异常
8264,异常
9847,异常
8858,异常
6800,正常
215,正常
1356,正常
7999,异常
9707,异常
4468,正常
5940,正常
9412,异常
1717,正常
4946,正常
2053,正常
4288,正常
3165,正常
747,正常
1491,正常
3018,正常
4441,正常
3182,正常
3711,正常
9788,异常
5118,正常
1687,正常
5543,正常
5974,正常
590,正常
8452,异常
7439,异常
1988,正常
471,正常
9200,异常
7907,异常
320,正常
436,正常
9930,异常
8661,异常
6958,正常
5312,正常
4170,正常
6860,正常
9028,异常
2342,正常
7266,异常
7976,异常
6534,正常
3048,正常
4245,正常
7332,异常
6819,正常
1602,正常
3673,正常
9420,异常
9150,异常
5884,正常
9051,异常
4183,正常
6568,正常
9272,异常
1324,正常
6225,正常
6866,正常
8428,异常
20,正常
271,正常
2512,正常
6010,正常
4699,正常
1029,正常
3716,正常
8423,异常
5129,正常
748,正常
1097,正常
3816,正常
2968,正常
7937,异常
9711,异常
9003,异常
3895,正常
4032,正常
3899,正常
5055,正常
4463,正常
6123,正常
5316,正常
3564,正常
4006,正常
926,正常
8039,异常
552,正常
2864,正常
4306,正常
8475,异常
1379,正常
8341,异常
2748,正常
3095,正常
487,正常
7785,异常
308,正常
7340,异常
7797,异常
6068,正常
9030,异常
4389,正常
3191,正常
9018,异常
8349,异常
5214,正常
3804,正常
3219,正常
1030,正常
9276,异常
4356,正常
7595,异常
4972,正常
1875,正常
5645,正常
2887,正常
6295,正常
6347,正常
9733,异常
2187,正常
9770,异常
1969,正常
9408,异常
5599,正常
499,正常
192,正常
493,正常
5876,正常
4438,正常
5631,正常
8662,异常
4440,正常
7116,异常
4723,正常
915,正常
1834,正常
9610,异常
2464,正常
9492,异常
3460,正常
9774,异常
5836,正常
8096,异常
3945,正常
4657,正常
6683,正常
6416,正常
2952,正常
4973,正常
2089,正常
7092,异常
6237,正常
1289,正常
2934,正常
2787,正常
1068,正常
9740,异常
7539,异常
2697,正常
2956,正常
5328,正常
5218,正常
9279,异常
9230,异常
9083,异常
6518,正常
2984,正常
5751,正常
6486,正常
4090,正常
3206,正常
454,正常
2523,正常
8731,异常
8277,异常
5762,正常
5703,正常
6968,正常
9517,异常
3074,正常
6350,正常
3344,正常
7707,异常
7175,异常
5701,正常
4877,正常
3579,正常
5674,正常
3546,正常
624,正常
8288,异常
7802,异常
3758,正常
4790,正常
7459,异常
1997,正常
6737,正常
2985,正常
8148,异常
5514,正常
551,正常
3993,正常
7245,异常
2548,正常
5854,正常
8424,异常
6884,正常
4621,正常
2522,正常
9597,异常
9735,异常
8701,异常
4821,正常
9888,异常
2335,正常
2837,正常
6604,正常
1426,正常
6952,正常
5649,正常
9823,异常
1132,正常
2954,正常
4281,正常
7753,异常
1230,正常
4274,正常
800,正常
2295,正常
7015,异常
9465,异常
2786,正常
5471,正常
6187,正常
6470,正常
8171,异常
8783,异常
3263,正常
6717,正常
8219,异常
2064,正常
7622,异常
3439,正常
5724,正常
5406,正常
7474,异常
1154,正常
9311,异常
9257,异常
8704,异常
9269,异常
6708,正常
2536,正常
760,正常
622,正常
6841,正常
9978,异常
8190,异常
4144,正常
7234,异常
9686,异常
9284,异常
5973,正常
5767,正常
8763,异常
5773,正常
6009,正常
4566,正常
2132,正常
2897,正常
4775,正常
1527,正常
853,正常
2154,正常
5032,正常
6792,正常
8109,异常
530,正常
688,正常
7767,异常
2615,正常
226,正常
4523,正常
6773,正常
991,正常
9493,异常
9841,异常
7030,异常
3217,正常
5383,正常
1944,正常
9243,异常
7027,异常
4535,正常
1790,正常
2501,正常
9515,异常
9543,异常
6777,正常
850,正常
7557,异常
8213,异常
7243,异常
7764,异常
2431,正常
4262,正常
5148,正常
5355,正常
8785,异常
788,正常
7868,异常
3863,正常
3486,正常
2770,正常
5510,正常
7121,异常
650,正常
7889,异常
1157,正常
1836,正常
2856,正常
2341,正常
4845,正常
7114,异常
9140,异常
1472,正常
584,正常
4394,正常
3971,正常
8917,异常
4879,正常
8050,异常
6412,正常
8132,异常
1515,正常
3111,正常
3397,正常
7198,异常
3321,正常
9609,异常
1547,正常
4590,正常
7351,异常
2135,正常
6495,正常
4406,正常
3828,正常
4717,正常
3291,正常
5311,正常
8776,异常
7936,异常
1258,正常
8719,异常
2260,正常
4275,正常
3328,正常
8335,异常
7442,异常
6362,正常
6718,正常
9173,异常
275,正常
7543,异常
8122,异常
1656,正常
6850,正常
2229,正常
4736,正常
5877,正常
3981,正常
8086,异常
997,正常
4154,正常
2924,正常
1611,正常
3876,正常
9727,异常
4171,正常
805,正常
7615,异常
8670,异常
9455,异常
90,正常
8545,异常
4884,正常
7358,异常
6797,正常
2484,正常
9253,异常
207,正常
942,正常
7085,异常
6794,正常
1136,正常
6239,正常
9913,异常
189,正常
3581,正常
2761,正常
9953,异常
3826,正常
7346,异常
4502,正常
616,正常
1679,正常
6758,正常
1430,正常
918,正常
2506,正常
4107,正常
7325,异常
4964,正常
7153,异常
7670,异常
7965,异常
940,正常
8053,异常
6529,正常
2155,正常
2962,正常
5668,正常
1271,正常
7651,异常
9599,异常
6114,正常
4285,正常
6742,正常
6227,正常
8923,异常
5682,正常
2588,正常
6008,正常
317,正常
6437,正常
665,正常
573,正常
802,正常
3906,正常
5804,正常
6444,正常
767,正常
68,正常
2827,正常
4435,正常
8852,异常
6048,正常
7704,异常
8373,异常
5191,正常
7820,异常
9966,异常
426,正常
1124,正常
7018,异常
119,正常
9442,异常
107,正常
2851,正常
5378,正常
4503,正常
8458,异常
5925,正常
4293,正常
7656,异常
8488,异常
5954,正常
2829,正常
7471,异常
9991,异常
3480,正常
4801,正常
6807,正常
9538,异常
1278,正常
8465,异常
1495,正常
7343,异常
5740,正常
9558,异常
3840,正常
328,正常
8997,异常
2379,正常
3958,正常
4173,正常
5914,正常
3970,正常
9998,异常
366,正常
4962,正常
2950,正常
6944,正常
8019,异常
1347,正常
3192,正常
2876,正常
8901,异常
7262,异常
7596,异常
9730,异常
7043,异常
9289,异常
769,正常
9126,异常
30,正常
3791,正常
3941,正常
1364,正常
2554,正常
5427,正常
1815,正常
1571,正常
3285,正常
975,正常
3383,正常
2951,正常
5725,正常
9080,异常
7756,异常
559,正常
7258,异常
7676,异常
1463,正常
2726,正常
4907,正常
2854,正常
2553,正常
5582,正常
7795,异常
6602,正常
1962,正常
6203,正常
9576,异常
3250,正常
4536,正常
2919,正常
2249,正常
5597,正常
9427,异常
8382,异常
4363,正常
3072,正常
8508,异常
9987,异常
955,正常
7460,异常
6201,正常
3592,正常
958,正常
8128,异常
7239,异常
3517,正常
3149,正常
2892,正常
9457,异常
3207,正常
3557,正常
490,正常
2869,正常
5910,正常
1813,正常
8068,异常
9990,异常
6818,正常
7541,异常
9945,异常
4076,正常
5861,正常
8506,异常
2738,正常
8893,异常
2115,正常
301,正常
423,正常
5313,正常
7055,异常
1514,正常
7843,异常
6528,正常
3659,正常
3462,正常
3386,正常
6963,正常
2855,正常
1854,正常
122,正常
6954,正常
250,正常
5264,正常
8137,异常
4392,正常
7040,异常
3576,正常
8500,异常
8675,异常
1280,正常
1086,正常
246,正常
3307,正常
7548,异常
9904,异常
5995,正常
5785,正常
4003,正常
7284,异常
206,正常
1732,正常
1018,正常
3805,正常
941,正常
635,正常
4317,正常
7685,异常
8624,异常
2605,正常
8030,异常
7369,异常
8993,异常
2873,正常
7472,异常
9915,异常
2058,正常
2799,正常
5846,正常
8569,异常
2582,正常
8185,异常
3808,正常
194,正常
5483,正常
5979,正常
2483,正常
1104,正常
5364,正常
9297,异常
6695,正常
9199,异常
4235,正常
3969,正常
4525,正常
7062,异常
1235,正常
659,正常
3982,正常
5717,正常
718,正常
5578,正常
179,正常
2995,正常
1388,正常
2547,正常
8111,异常
9567,异常
505,正常
3905,正常
6242,正常
2680,正常
8931,异常
7138,异常
1168,正常
355,正常
7152,异常
2693,正常
7822,异常
7917,异常
3646,正常
6656,正常
4270,正常
790,正常
5223,正常
817,正常
7582,异常
8602,异常
5509,正常
7044,异常
5168,正常
8103,异常
9521,异常
6311,正常
2339,正常
2973,正常
3389,正常
6785,正常
4341,正常
7404,异常
205,正常
6473,正常
1613,正常
4189,正常
1840,正常
1921,正常
9790,异常
5389,正常
4478,正常
6675,正常
449,正常
4127,正常
2243,正常
6916,正常
3350,正常
3006,正常
4953,正常
7228,异常
3039,正常
4666,正常
3454,正常
3162,正常
5422,正常
3631,正常
3965,正常
7054,异常
3170,正常
1494,正常
5829,正常
9846,异常
2980,正常
8710,异常
3068,正常
8462,异常
9475,异常
2216,正常
7505,异常
8120,异常
7184,异常
4854,正常
7110,异常
3210,正常
8872,异常
485,正常
4546,正常
5124,正常
3688,正常
3319,正常
5521,正常
2388,正常
8851,异常
7801,异常
8863,异常
1054,正常
7427,异常
3756,正常
3311,正常
3,正常
9523,异常
7463,异常
5598,正常
7979,异常
3306,正常
8827,异常
80,正常
9192,异常
8198,异常
4383,正常
6715,正常
5494,正常
97,正常
1237,正常
6607,正常
8716,异常
2365,正常
2407,正常
2092,正常
1572,正常
3936,正常
4303,正常
7265,异常
1256,正常
1936,正常
8696,异常
3391,正常
5662,正常
277,正常
3607,正常
4842,正常
2360,正常
4581,正常
6119,正常
1601,正常
4517,正常
5249,正常
9283,异常
3916,正常
7494,异常
8379,异常
7893,异常
1791,正常
5789,正常
2033,正常
762,正常
925,正常
6349,正常
1789,正常
6249,正常
7217,异常
9357,异常
1295,正常
8365,异常
823,正常
101,正常
7689,异常
6723,正常
8032,异常
6519,正常
8182,异常
4352,正常
5932,正常
3770,正常
9908,异常
1062,正常
6078,正常
716,正常
7068,异常
3652,正常
3647,正常
2042,正常
638,正常
2935,正常
7322,异常
3151,正常
674,正常
8201,异常
3032,正常
6951,正常
6342,正常
4745,正常
6772,正常
2931,正常
9629,异常
5338,正常
5805,正常
5713,正常
295,正常
4486,正常
8151,异常
2019,正常
9697,异常
8502,异常
5849,正常
9766,异常
2128,正常
5029,正常
870,正常
965,正常
2435,正常
8105,异常
2112,正常
8787,异常
7572,异常
2687,正常
8711,异常
4569,正常
6676,正常
8777,异常
6222,正常
6083,正常
7197,异常
6915,正常
6268,正常
9688,异常
6339,正常
7451,异常
5602,正常
1631,正常
61,正常
5475,正常
4898,正常
3204,正常
7650,异常
4165,正常
4016,正常
2730,正常
4456,正常
5167,正常
7815,异常
4971,正常
6680,正常
6006,正常
1420,正常
369,正常
6481,正常
5379,正常
6798,正常
2320,正常
1376,正常
2218,正常
1065,正常
4369,正常
4139,正常
3693,正常
6998,正常
5368,正常
2963,正常
8432,异常
2427,正常
3677,正常
3077,正常
3343,正常
2351,正常
597,正常
7702,异常
3326,正常
5871,正常
9452,异常
2102,正常
9054,异常
370,正常
9399,异常
7760,异常
8573,异常
305,正常
4714,正常
2120,正常
8503,异常
6205,正常
9045,异常
5360,正常
5815,正常
9228,异常
1092,正常
9669,异常
6768,正常
7123,异常
9732,异常
1080,正常
7765,异常
7873,异常
4598,正常
5334,正常
218,正常
8975,异常
560,正常
6667,正常
9364,异常
8214,异常
9608,异常
373,正常
1089,正常
5661,正常
8957,异常
7311,异常
9090,异常
1591,正常
567,正常
8009,异常
6423,正常
4577,正常
589,正常
4158,正常
1307,正常
1743,正常
9405,异常
9572,异常
1648,正常
5093,正常
3414,正常
3848,正常
927,正常
5595,正常
6464,正常
1234,正常
4983,正常
2029,正常
3893,正常
5813,正常
8834,异常
4118,正常
7703,异常
7194,异常
494,正常
8196,异常
8955,异常
4562,正常
3655,正常
3276,正常
3803,正常
8041,异常
9375,异常
1633,正常
1989,正常
4777,正常
1342,正常
6054,正常
5319,正常
5206,正常
2370,正常
202,正常
7978,异常
9684,异常
3218,正常
2210,正常
7157,异常
9319,异常
4082,正常
1787,正常
1550,正常
8509,异常
2088,正常
2918,正常
9820,异常
5261,正常
452,正常
6213,正常
4062,正常
654,正常
91,正常
19,正常
7614,异常
6854,正常
2305,正常
8970,异常
3105,正常
170,正常
2472,正常
5054,正常
4336,正常
3266,正常
7083,异常
8792,异常
3617,正常
1935,正常
8062,异常
4146,正常
4004,正常
5505,正常
8157,异常
7428,异常
3002,正常
5707,正常
7407,异常
3698,正常
5258,正常
9620,异常
2224,正常
6281,正常
4936,正常
1884,正常
7872,异常
8926,异常
3094,正常
1538,正常
5853,正常
2476,正常
9188,异常
9678,异常
1482,正常
315,正常
6271,正常
9115,异常
7334,异常
5603,正常
1856,正常
3097,正常
7714,异常
3596,正常
3036,正常
7737,异常
4242,正常
4881,正常
5288,正常
7324,异常
1974,正常
723,正常
6719,正常
8445,异常
9296,异常
6961,正常
5297,正常
1403,正常
6424,正常
416,正常
29,正常
3689,正常
3491,正常
8794,异常
8363,异常
4947,正常
4852,正常
7466,异常
1568,正常
3172,正常
9634,异常
1498,正常
3921,正常
8644,异常
7304,异常
2231,正常
9480,异常
361,正常
4116,正常
2179,正常
561,正常
4429,正常
2031,正常
605,正常
1332,正常
8490,异常
8389,异常
4678,正常
3771,正常
8831,异常
7057,异常
1684,正常
4859,正常
7649,异常
8733,异常
6760,正常
136,正常
9645,异常
3553,正常
407,正常
7333,异常
8353,异常
5614,正常
9533,异常
3855,正常
4200,正常
8935,异常
4205,正常
2265,正常
4520,正常
2202,正常
2611,正常
1537,正常
1231,正常
9657,异常
8480,异常
8059,异常
4499,正常
3818,正常
5231,正常
5613,正常
3618,正常
9286,异常
4278,正常
3379,正常
4106,正常
6707,正常
899,正常
8756,异常
6803,正常
4350,正常
5299,正常
8249,异常
6386,正常
374,正常
6932,正常
272,正常
7331,异常
7955,异常
5560,正常
4309,正常
6765,正常
7315,异常
7752,异常
3943,正常
9012,异常
3284,正常
431,正常
488,正常
5531,正常
2996,正常
4965,正常
707,正常
4829,正常
5636,正常
3444,正常
6446,正常
8899,异常
3750,正常
1444,正常
6136,正常
8038,异常
7715,异常
8049,异常
3114,正常
9752,异常
9433,异常
5935,正常
342,正常
5811,正常
3313,正常
691,正常
6578,正常
4662,正常
5838,正常
5735,正常
5611,正常
1674,正常
6279,正常
9919,异常
8628,异常
9695,异常
1098,正常
8706,异常
9159,异常
1193,正常
6600,正常
9453,异常
581,正常
2925,正常
7418,异常
6112,正常
8689,异常
4424,正常
7013,异常
3942,正常
8107,异常
2584,正常
3608,正常
9370,异常
4136,正常
3355,正常
1391,正常
7708,异常
4067,正常
4113,正常
9718,异常
8798,异常
9065,异常
8005,异常
5329,正常
5678,正常
615,正常
8741,异常
2906,正常
9437,异常
5842,正常
1653,正常
7899,异常
2676,正常
1423,正常
3858,正常
6632,正常
2839,正常
2180,正常
4585,正常
16,正常
979,正常
9925,异常
700,正常
7585,异常
4413,正常
1678,正常
2005,正常
2636,正常
661,正常
8381,异常
2872,正常
2463,正常
4805,正常
8054,异常
2781,正常
8066,异常
9528,异常
832,正常
721,正常
6197,正常
1914,正常
8769,异常
7906,异常
595,正常
5200,正常
3214,正常
5386,正常
3700,正常
5731,正常
9591,异常
154,正常
8115,异常
8484,异常
4098,正常
2518,正常
3163,正常
1600,正常
7514,异常
1849,正常
116,正常
9940,异常
9560,异常
5401,正常
8333,异常
3675,正常
3431,正常
9824,异常
6398,正常
3888,正常
7208,异常
980,正常
6677,正常
9280,异常
4423,正常
998,正常
601,正常
3594,正常
3740,正常
5619,正常
667,正常
4864,正常
1462,正常
3273,正常
367,正常
1197,正常
9833,异常
4851,正常
1695,正常
7383,异常
7974,异常
2838,正常
7481,异常
8927,异常
9806,异常
3639,正常
3708,正常
1118,正常
7776,异常
1323,正常
7679,异常
1604,正常
1927,正常
4010,正常
4826,正常
1637,正常
1025,正常
2469,正常
8781,异常
9738,异常
3146,正常
4060,正常
9219,异常
1723,正常
1413,正常
4283,正常
8380,异常
1814,正常
5485,正常
8561,异常
3424,正常
4490,正常
9540,异常
6230,正常
92,正常
6919,正常
8401,异常
930,正常
9330,异常
1374,正常
9136,异常
6558,正常
9208,异常
2945,正常
3643,正常
797,正常
6634,正常
8400,异常
7554,异常
3612,正常
1562,正常
7709,异常
3707,正常
6103,正常
284,正常
5538,正常
5259,正常
9424,异常
2494,正常
9120,异常
2744,正常
1035,正常
3376,正常
4676,正常
3753,正常
9184,异常
9672,异常
4457,正常
2432,正常
5215,正常
4824,正常
7996,异常
8819,异常
620,正常
9423,异常
8265,异常
8102,异常
9430,异常
8263,异常
1912,正常
5086,正常
9568,异常
1758,正常
3295,正常
1933,正常
8227,异常
9072,异常
4075,正常
4902,正常
2087,正常
5442,正常
9241,异常
3264,正常
5721,正常
2796,正常
6620,正常
8868,异常
7814,异常
7568,异常
8035,异常
7176,异常
4539,正常
8823,异常
7881,异常
2842,正常
9395,异常
7662,异常
8466,异常
2607,正常
3282,正常
6211,正常
8077,异常
9490,异常
1073,正常
669,正常
1995,正常
4727,正常
9300,异常
9881,异常
4247,正常
8259,异常
461,正常
7660,异常
9921,异常
1042,正常
9666,异常
4305,正常
571,正常
5691,正常
677,正常
233,正常
278,正常
9354,异常
9828,异常
3122,正常
2108,正常
1177,正常
9767,异常
3717,正常
631,正常
9317,异常
5224,正常
4121,正常
4505,正常
9665,异常
5244,正常
7624,异常
427,正常
7783,异常
2658,正常
2205,正常
489,正常
682,正常
8081,异常
6139,正常
3938,正常
8390,异常
9633,异常
4993,正常
9842,异常
5697,正常
3031,正常
3396,正常
4427,正常
6337,正常
285,正常
4403,正常
7546,异常
1673,正常
7904,异常
9588,异常
6515,正常
886,正常
3710,正常
2599,正常
4990,正常
9315,异常
1670,正常
3810,正常
4626,正常
4761,正常
1525,正常
5856,正常
1564,正常
3463,正常
5405,正常
5923,正常
1657,正常
5594,正常
3198,正常
5802,正常
4721,正常
3333,正常
6092,正常
8663,异常
3676,正常
2152,正常
7871,异常
111,正常
8156,异常
5318,正常
4215,正常
5121,正常
3718,正常
4378,正常
7594,异常
7020,异常
8284,异常
6260,正常
4637,正常
4980,正常
7470,异常
7867,异常
2065,正常
8821,异常
2159,正常
7126,异常
8774,异常
7091,异常
2006,正常
4056,正常
1826,正常
8336,异常
3749,正常
3597,正常
7336,异常
9380,异常
6999,正常
5164,正常
8941,异常
1056,正常
3957,正常
7513,异常
1781,正常
8003,异常
3769,正常
7254,异常
4920,正常
6962,正常
2983,正常
8072,异常
540,正常
3636,正常
4705,正常
6188,正常
2917,正常
9950,异常
6428,正常
8011,异常
9937,异常
9830,异常
1924,正常
5172,正常
6394,正常
3143,正常
7825,异常
5934,正常
5048,正常
1034,正常
5579,正常
9574,异常
8078,异常
9360,异常
7475,异常
4384,正常
5939,正常
7002,异常
7142,异常
9223,异常
4529,正常
3516,正常
892,正常
4969,正常
5633,正常
7629,异常
7652,异常
6889,正常
8974,异常
8426,异常
234,正常
5600,正常
475,正常
9259,异常
9765,异常
1874,正常
1125,正常
2810,正常
219,正常
1317,正常
6759,正常
8954,异常
7155,异常
6594,正常
2013,正常
8854,异常
4865,正常
8442,异常
509,正常
523,正常
8778,异常
929,正常
7857,异常
4382,正常
3989,正常
8587,异常
8940,异常
2662,正常
276,正常
8857,异常
7550,异常
8471,异常
72,正常
7574,异常
8273,异常
2190,正常
7556,异常
4263,正常
3744,正常
2969,正常
198,正常
5859,正常
4837,正常
5964,正常
9309,异常
8914,异常
9256,异常
4311,正常
6043,正常
4233,正常
7532,异常
1043,正常
4729,正常
668,正常
5277,正常
5952,正常
268,正常
7164,异常
6021,正常
9358,异常
5551,正常
5208,正常
6900,正常
9469,异常
230,正常
3798,正常
4573,正常
5407,正常
1885,正常
3054,正常
3184,正常
7456,异常
8645,异常
3506,正常
6283,正常
3309,正常
8060,异常
6047,正常
2953,正常
4024,正常
5586,正常
1638,正常
4583,正常
7271,异常
7746,异常
7788,异常
4994,正常
7327,异常
3954,正常
4387,正常
9793,异常
8464,异常
4065,正常
5576,正常
5566,正常
183,正常
2385,正常
2381,正常
9009,异常
6605,正常
5173,正常
1557,正常
4008,正常
6071,正常
8106,异常
9652,异常
3593,正常
6333,正常
5462,正常
3702,正常
1051,正常
3857,正常
58,正常
6563,正常
2359,正常
6476,正常
5010,正常
2890,正常
5410,正常
2556,正常
4747,正常
7108,异常
6328,正常
7663,异常
6880,正常
3940,正常
1229,正常
756,正常
8371,异常
5777,正常
1320,正常
7012,异常
3873,正常
3197,正常
2131,正常
3645,正常
5245,正常
6026,正常
6385,正常
3757,正常
2358,正常
7236,异常
910,正常
9372,异常
1917,正常
9506,异常
7922,异常
2015,正常
7204,异常
2893,正常
6449,正常
6847,正常
2813,正常
5688,正常
5629,正常
4643,正常
3748,正常
3835,正常
7060,异常
5199,正常
1355,正常
2723,正常
9999,异常
8207,异常
9247,异常
2959,正常
7168,异常
9057,异常
4948,正常
1434,正常
2543,正常
453,正常
3317,正常
542,正常
4246,正常
7252,异常
4209,正常
6160,正常
7051,异常
4115,正常
7799,异常
839,正常
2865,正常
2824,正常
6669,正常
7763,异常
1549,正常
7567,异常
6930,正常
7619,异常
6771,正常
7081,异常
3908,正常
5555,正常
562,正常
3929,正常
897,正常
2764,正常
3421,正常
814,正常
2528,正常
3412,正常
9428,异常
4318,正常
1725,正常
3188,正常
5133,正常
2958,正常
5443,正常
1698,正常
5874,正常
6904,正常
7337,异常
2176,正常
4050,正常
9044,异常
2559,正常
1533,正常
5420,正常
9231,异常
51,正常
545,正常
1832,正常
7122,异常
5807,正常
1971,正常
758,正常
4178,正常
3903,正常
3009,正常
2617,正常
7506,异常
7898,异常
2809,正常
4800,正常
1009,正常
6912,正常
8221,异常
9896,异常
9664,异常
6514,正常
6805,正常
5348,正常
7058,异常
3682,正常
4661,正常
2874,正常
2668,正常
8726,异常
4575,正常
883,正常
6335,正常
5339,正常
8744,异常
1961,正常
9273,异常
2834,正常
977,正常
7564,异常
1110,正常
6539,正常
7929,异常
7573,异常
2294,正常
7941,异常
9617,异常
9085,异常
9960,异常
8075,异常
6334,正常
8612,异常
7183,异常
1777,正常
9170,异常
8766,异常
838,正常
2212,正常
2860,正常
1079,正常
2661,正常
348,正常
9274,异常
1942,正常
4261,正常
4011,正常
3736,正常
7526,异常
8014,异常
4197,正常
3836,正常
9760,异常
6417,正常
8235,异常
3907,正常
4582,正常
9852,异常
3685,正常
5850,正常
6627,正常
3847,正常
6079,正常
6572,正常
7942,异常
6102,正常
4932,正常
8869,异常
1513,正常
7696,异常
9500,异常
3967,正常
2459,正常
2990,正常
8142,异常
6014,正常
8117,异常
4605,正常
7134,异常
7631,异常
462,正常
3545,正常
9970,异常
4917,正常
365,正常
9942,异常
6673,正常
2353,正常
8210,异常
9935,异常
9564,异常
1302,正常
209,正常
2157,正常
1937,正常
8932,异常
6894,正常
8262,异常
35,正常
7654,异常
2424,正常
6345,正常
520,正常
5787,正常
7924,异常
5240,正常
5971,正常
6314,正常
6938,正常
5523,正常
6815,正常
6629,正常
1941,正常
4638,正常
4307,正常
8882,异常
2208,正常
5947,正常
6516,正常
1842,正常
3694,正常
9526,异常
9680,异常
5502,正常
2020,正常
8243,异常
9037,异常
491,正常
2940,正常
9734,异常
4354,正常
6324,正常
3468,正常
1901,正常
4169,正常
1021,正常
6784,正常
4216,正常
9171,异常
3849,正常
5458,正常
3704,正常
1737,正常
5142,正常
576,正常
9549,异常
741,正常
6937,正常
9709,异常
844,正常
4833,正常
8942,异常
3055,正常
5547,正常
8126,异常
169,正常
8104,异常
3274,正常
5907,正常
531,正常
8439,异常
5992,正常
3479,正常
1592,正常
4153,正常
9534,异常
577,正常
6511,正常
7031,异常
5153,正常
6320,正常
5275,正常
9351,异常
3361,正常
222,正常
5013,正常
1288,正常
5499,正常
360,正常
683,正常
3503,正常
5832,正常
7762,异常
3348,正常
4658,正常
9914,异常
1824,正常
9594,异常
2519,正常
3260,正常
7698,异常
6454,正常
6875,正常
7211,异常
2121,正常
375,正常
4793,正常
7224,异常
6564,正常
8876,异常
2516,正常
4410,正常
2325,正常
9769,异常
5625,正常
7484,异常
1894,正常
1151,正常
1232,正常
6004,正常
2475,正常
2688,正常
1999,正常
4023,正常
6127,正常
2467,正常
4364,正常
9132,异常
4009,正常
7587,异常
5905,正常
6440,正常
4708,正常
6032,正常
8795,异常
8960,异常
9019,异常
8864,异常
7926,异常
42,正常
2502,正常
8590,异常
771,正常
3011,正常
6190,正常
4659,正常
5216,正常
1255,正常
9324,异常
8286,异常
8504,异常
1792,正常
7648,异常
8847,异常
4201,正常
3869,正常
8326,异常
3409,正常
9268,异常
6185,正常
881,正常
2174,正常
4141,正常
3809,正常
9832,异常
8165,异常
9802,异常
66,正常
4355,正常
4960,正常
7919,异常
9079,异常
2143,正常
3745,正常
9792,异常
7784,异常
8894,异常
8042,异常
1876,正常
50,正常
3761,正常
727,正常
7665,异常
1109,正常
3742,正常
9927,异常
6790,正常
6826,正常
6018,正常
7734,异常
8791,异常
5722,正常
6134,正常
2549,正常
9403,异常
6873,正常
9440,异常
3340,正常
1133,正常
6133,正常
3005,正常
4552,正常
9726,异常
7149,异常
7052,异常
4402,正常
3240,正常
1785,正常
1512,正常
3630,正常
7335,异常
6849,正常
2986,正常
1518,正常
1357,正常
7998,异常
4493,正常
7551,异常
9251,异常
5704,正常
5609,正常
2867,正常
2158,正常
856,正常
8443,异常
1087,正常
2785,正常
9912,异常
6245,正常
6377,正常
2232,正常
2608,正常
3760,正常
4414,正常
7510,异常
7019,异常
3829,正常
341,正常
5927,正常
4698,正常
1800,正常
4500,正常
1476,正常
5399,正常
621,正常
9327,异常
1223,正常
2097,正常
5094,正常
2800,正常
1142,正常
9898,异常
6149,正常
5972,正常
9865,异常
6671,正常
532,正常
142,正常
8429,异常
143,正常
5357,正常
1747,正常
3800,正常
4020,正常
7606,异常
3452,正常
645,正常
8605,异常
4891,正常
9613,异常
4876,正常
8905,异常
2957,正常
8679,异常
2333,正常
3678,正常
1883,正常
4540,正常
1793,正常
4928,正常
6488,正常
6533,正常
2448,正常
7946,异常
2909,正常
680,正常
3329,正常
6061,正常
9134,异常
